{
  "confidently_buggy": {
    "p_buggy": 0.9509203256065848,
    "weights": {
      "NMBFU": 0.0010213712261708484,
      "NHPBFU": 0.0007218879789923898,
      "NNTBFU": 3.058619743403479e-05,
      "NBFU": 2.435525039009664e-05,
      "NCBFU": -1.1980389239683315e-05
    }
  },
  "confidently_clean": {
    "p_buggy": 0.19148362935947144,
    "weights": {
      "NNTBFU": 0.08251683471311858,
      "NBFU": 0.0824349008260592,
      "NMBFU": 0.025189039097087473,
      "NHPBFU": 0.024779163966849614,
      "NCBFU": 0.004909646035564626
    }
  },
  "borderline": {
    "p_buggy": 0.5004015600608388,
    "weights": {
      "NNTBFU": 0.09265688448748856,
      "NBFU": 0.09235025187976732,
      "NMBFU": 0.020234610367856717,
      "NHPBFU": 0.013268125449568366,
      "NCBFU": 0.0018125987393915965
    }
  }
}