{
  "confidently_buggy": {
    "p_buggy": 0.9218942001135096,
    "weights": {
      "NMBFU": 0.009288620001386637,
      "NHPBFU": -0.007138798377992387,
      "NCBFU": 0.0035475565757730494,
      "NNTBFU": 0.0034466590819871848,
      "NBFU": 0.0028490593926588197
    }
  },
  "confidently_clean": {
    "p_buggy": 0.064176041864562,
    "weights": {
      "NBFU": 0.05080092583206145,
      "NNTBFU": 0.04920954752501171,
      "NCBFU": -0.04297978878737122,
      "NMBFU": -0.002395684577181488,
      "NHPBFU": 0.0013080746134787823
    }
  },
  "borderline": {
    "p_buggy": 0.4998810942644188,
    "weights": {
      "NBFU": 0.06914922716321328,
      "NNTBFU": 0.04406829961967524,
      "NHPBFU": -0.02344916385397642,
      "NCBFU": -0.020089385415896055,
      "NMBFU": 0.013966064009672234
    }
  }
}