Feature,Weight
NBFU,0.2787299348989326
NNTBFU,0.26966450936760755
NMBFU,0.1683391497853819
NCBFU,0.08508462922597862
NHPBFU,0.19818177672209936
